{"c":"__callback__","p":[null,[{"key":1521561600000,"key_as_string":"2018-03-21T00:00:00.000+08:00","doc_count":0,"source":{"email":0,"agent":0,"chat":0}},{"key":1521648000000,"key_as_string":"2018-03-22T00:00:00.000+08:00","doc_count":0,"source":{"email":0,"agent":0,"chat":0}},{"key":1521734400000,"key_as_string":"2018-03-23T00:00:00.000+08:00","doc_count":0,"source":{"email":0,"agent":0,"chat":0}},{"key":1521820800000,"key_as_string":"2018-03-24T00:00:00.000+08:00","doc_count":0,"source":{"email":0,"agent":0,"chat":0}},{"key":1521907200000,"key_as_string":"2018-03-25T00:00:00.000+08:00","doc_count":0,"source":{"email":0,"agent":0,"chat":0}},{"key":1521993600000,"key_as_string":"2018-03-26T00:00:00.000+08:00","doc_count":0,"source":{"email":0,"agent":0,"chat":0}},{"key":1522080000000,"key_as_string":"2018-03-27T00:00:00.000+08:00","doc_count":0,"source":{"email":0,"agent":0,"chat":0}}]],"cb":28}