{"c":"__callback__","p":[null,[{"name":"Whitelabel","plans":[{"planId":"whitelabel-monthly","type":"subscription","price":1500,"cycle":1,"stripeId":"whitelabel-monthly","active":true,"package":"whitelabel-monthly","version":1},{"planId":"whitelabel-yearly","type":"subscription","price":10800,"cycle":12,"stripeId":"whitelabel-yearly","active":true,"package":"whitelabel-yearly","version":1}],"addonId":"whitelabel","expiry":"2018-04-22T03:06:38.000Z","hasSubscription":true},{"name":"Live answering","plans":[{"planId":"la-evenings-weekend","type":"subscription","price":61000,"cycle":1,"stripeId":"la-evenings-weekend","active":true,"entitlements":{"hours":128},"package":"la-evenings-weekend","version":1},{"planId":"la-247","type":"subscription","price":72800,"cycle":1,"stripeId":"la-247","active":true,"entitlements":{"hours":168},"package":"la-247","version":1},{"planId":"la-part-time-v2","type":"subscription","price":12900,"cycle":1,"stripeId":"la-part-time-v2","active":true,"entitlements":{"hours":10},"package":"la-part-time","version":2},{"planId":"la-fulltime-v2","type":"subscription","price":38000,"cycle":1,"stripeId":"la-fulltime-v2","active":true,"entitlements":{"hours":40},"package":"la-fulltime","version":2},{"planId":"la-double-shift","type":"subscription","price":52000,"cycle":1,"stripeId":"la-double-shift","active":true,"entitlements":{"hours":80},"version":1,"package":"la-double-shift"}],"addonId":"live-answering","expiry":null,"hasSubscription":false},{"name":"Video + Voice + Screensharing","plans":[{"planId":"webrtc-monthly","type":"subscription","price":4900,"cycle":1,"stripeId":"webrtc-monthly","active":true,"entitlements":true,"package":"webrtc-monthly","version":1},{"planId":"webrtc-yearly","type":"subscription","price":34800,"cycle":12,"stripeId":"webrtc-yearly","active":true,"entitlements":true,"package":"webrtc-yearly","version":1}],"addonId":"webrtc","expiry":"2018-04-19T17:29:38.000Z","hasSubscription":true}]],"cb":34}