{"c":"__callback__","p":[null,[{"tm":"2018-03-20T00:00:00.000Z","pv":23,"v":19,"uv":15,"rv":6,"cs":1,"ic":4,"oc":3,"cvs":0,"cd":66,"msc":1,"trt":30.035,"rts":0,"rtc":0,"sd":1949,"mbs":5,"onlt":172800,"awt":0,"oflt":86400},{"tm":"2018-03-21T00:00:00.000Z","pv":22,"v":23,"uv":19,"rv":3,"cs":0,"ic":3,"oc":1,"cvs":0,"cd":0,"msc":2,"trt":0,"rts":0,"rtc":0,"sd":8582,"mbs":5,"onlt":184606,"awt":0,"oflt":74592},{"tm":"2018-03-22T00:00:00.000Z","pv":10,"v":10,"uv":9,"rv":1,"cs":1,"ic":2,"oc":4,"cvs":0,"cd":173,"msc":0,"trt":83.87,"rts":0,"rtc":0,"sd":5045,"mbs":1,"onlt":226459,"awt":0,"oflt":32738},{"tm":"2018-03-23T00:00:00.000Z","pv":34,"v":31,"uv":27,"rv":2,"cs":4,"ic":42,"oc":17,"cvs":0,"cd":1542,"msc":0,"trt":246.31400000000002,"rts":0,"rtc":0,"sd":11004,"mbs":4,"onlt":226627,"awt":0,"oflt":32571},{"tm":"2018-03-24T00:00:00.000Z","pv":12,"v":12,"uv":10,"rv":0,"cs":0,"ic":0,"oc":0,"cvs":0,"cd":0,"msc":0,"trt":0,"rts":0,"rtc":0,"sd":1965,"mbs":6,"onlt":197388,"awt":0,"oflt":61808},{"tm":"2018-03-25T00:00:00.000Z","pv":5,"v":4,"uv":4,"rv":0,"cs":0,"ic":0,"oc":0,"cvs":0,"cd":0,"msc":0,"trt":0,"rts":0,"rtc":0,"sd":846,"mbs":2,"onlt":177506,"awt":0,"oflt":81692},{"tm":"2018-03-26T00:00:00.000Z","pv":27,"v":27,"uv":20,"rv":3,"cs":1,"ic":2,"oc":3,"cvs":0,"cd":88,"msc":0,"trt":19.106,"rts":0,"rtc":0,"sd":11536,"mbs":9,"onlt":0,"awt":0,"oflt":0}]],"cb":12}