{"c":"__callback__","p":[null,[{"tm":"2018-03-20T16:00:00.000Z","pv":0,"v":0,"uv":0,"rv":0,"cs":0,"ic":0,"oc":0,"cvs":0,"cd":0,"msc":0,"trt":0,"rts":0,"rtc":0,"sd":0,"mbs":0,"onlt":7200,"awt":0,"oflt":3600},{"tm":"2018-03-20T17:00:00.000Z","pv":1,"v":1,"uv":1,"rv":0,"cs":0,"ic":0,"oc":0,"cvs":0,"cd":0,"msc":0,"trt":0,"rts":0,"rtc":0,"sd":124,"mbs":0,"onlt":7200,"awt":0,"oflt":3600},{"tm":"2018-03-20T18:00:00.000Z","pv":2,"v":2,"uv":2,"rv":1,"cs":0,"ic":0,"oc":0,"cvs":0,"cd":0,"msc":0,"trt":0,"rts":0,"rtc":0,"sd":160,"mbs":0,"onlt":7200,"awt":0,"oflt":3600},{"tm":"2018-03-20T19:00:00.000Z","pv":2,"v":2,"uv":2,"rv":0,"cs":0,"ic":1,"oc":0,"cvs":0,"cd":0,"msc":1,"trt":0,"rts":0,"rtc":0,"sd":163,"mbs":0,"onlt":7200,"awt":0,"oflt":3600},{"tm":"2018-03-20T20:00:00.000Z","pv":0,"v":0,"uv":0,"rv":0,"cs":0,"ic":0,"oc":0,"cvs":0,"cd":0,"msc":0,"trt":0,"rts":0,"rtc":0,"sd":0,"mbs":0,"onlt":7200,"awt":0,"oflt":3600},{"tm":"2018-03-20T21:00:00.000Z","pv":1,"v":1,"uv":1,"rv":1,"cs":0,"ic":0,"oc":0,"cvs":0,"cd":0,"msc":0,"trt":0,"rts":0,"rtc":0,"sd":63,"mbs":0,"onlt":7200,"awt":0,"oflt":3600},{"tm":"2018-03-20T22:00:00.000Z","pv":1,"v":1,"uv":1,"rv":0,"cs":0,"ic":0,"oc":0,"cvs":0,"cd":0,"msc":0,"trt":0,"rts":0,"rtc":0,"sd":65,"mbs":0,"onlt":7200,"awt":0,"oflt":3600},{"tm":"2018-03-20T23:00:00.000Z","pv":2,"v":2,"uv":2,"rv":1,"cs":1,"ic":3,"oc":3,"cvs":0,"cd":66,"msc":0,"trt":30.035,"rts":0,"rtc":0,"sd":185,"mbs":0,"onlt":7200,"awt":0,"oflt":3600},{"tm":"2018-03-21T00:00:00.000Z","pv":1,"v":1,"uv":1,"rv":0,"cs":0,"ic":0,"oc":0,"cvs":0,"cd":0,"msc":0,"trt":0,"rts":0,"rtc":0,"sd":34,"mbs":0,"onlt":7200,"awt":0,"oflt":3600},{"tm":"2018-03-21T01:00:00.000Z","pv":1,"v":1,"uv":1,"rv":0,"cs":0,"ic":0,"oc":0,"cvs":0,"cd":0,"msc":0,"trt":0,"rts":0,"rtc":0,"sd":461,"mbs":0,"onlt":7200,"awt":0,"oflt":3600},{"tm":"2018-03-21T02:00:00.000Z","pv":3,"v":4,"uv":3,"rv":0,"cs":0,"ic":0,"oc":0,"cvs":0,"cd":0,"msc":0,"trt":0,"rts":0,"rtc":0,"sd":323,"mbs":3,"onlt":7200,"awt":0,"oflt":3600},{"tm":"2018-03-21T03:00:00.000Z","pv":1,"v":1,"uv":1,"rv":1,"cs":0,"ic":0,"oc":0,"cvs":0,"cd":0,"msc":0,"trt":0,"rts":0,"rtc":0,"sd":57,"mbs":0,"onlt":7200,"awt":0,"oflt":3600},{"tm":"2018-03-21T04:00:00.000Z","pv":0,"v":0,"uv":0,"rv":0,"cs":0,"ic":0,"oc":0,"cvs":0,"cd":0,"msc":0,"trt":0,"rts":0,"rtc":0,"sd":0,"mbs":0,"onlt":7200,"awt":0,"oflt":3600},{"tm":"2018-03-21T05:00:00.000Z","pv":1,"v":1,"uv":1,"rv":0,"cs":0,"ic":2,"oc":1,"cvs":0,"cd":0,"msc":1,"trt":0,"rts":0,"rtc":0,"sd":2013,"mbs":0,"onlt":8690,"awt":0,"oflt":2109},{"tm":"2018-03-21T06:00:00.000Z","pv":1,"v":1,"uv":1,"rv":0,"cs":0,"ic":0,"oc":0,"cvs":0,"cd":0,"msc":0,"trt":0,"rts":0,"rtc":0,"sd":262,"mbs":0,"onlt":10800,"awt":0,"oflt":0},{"tm":"2018-03-21T07:00:00.000Z","pv":2,"v":2,"uv":2,"rv":1,"cs":0,"ic":0,"oc":0,"cvs":0,"cd":0,"msc":0,"trt":0,"rts":0,"rtc":0,"sd":122,"mbs":0,"onlt":10800,"awt":0,"oflt":0},{"tm":"2018-03-21T08:00:00.000Z","pv":0,"v":0,"uv":0,"rv":0,"cs":0,"ic":0,"oc":0,"cvs":0,"cd":0,"msc":0,"trt":0,"rts":0,"rtc":0,"sd":0,"mbs":0,"onlt":10184,"awt":0,"oflt":615},{"tm":"2018-03-21T09:00:00.000Z","pv":1,"v":1,"uv":1,"rv":0,"cs":0,"ic":0,"oc":0,"cvs":0,"cd":0,"msc":0,"trt":0,"rts":0,"rtc":0,"sd":121,"mbs":0,"onlt":7331,"awt":0,"oflt":3468},{"tm":"2018-03-21T10:00:00.000Z","pv":1,"v":1,"uv":1,"rv":0,"cs":0,"ic":0,"oc":0,"cvs":0,"cd":0,"msc":0,"trt":0,"rts":0,"rtc":0,"sd":56,"mbs":0,"onlt":7200,"awt":0,"oflt":3600},{"tm":"2018-03-21T11:00:00.000Z","pv":1,"v":1,"uv":1,"rv":0,"cs":0,"ic":0,"oc":0,"cvs":0,"cd":0,"msc":0,"trt":0,"rts":0,"rtc":0,"sd":241,"mbs":0,"onlt":7200,"awt":0,"oflt":3600},{"tm":"2018-03-21T12:00:00.000Z","pv":0,"v":0,"uv":0,"rv":0,"cs":0,"ic":0,"oc":0,"cvs":0,"cd":0,"msc":0,"trt":0,"rts":0,"rtc":0,"sd":0,"mbs":0,"onlt":7200,"awt":0,"oflt":3600},{"tm":"2018-03-21T13:00:00.000Z","pv":1,"v":1,"uv":1,"rv":1,"cs":0,"ic":0,"oc":0,"cvs":0,"cd":0,"msc":0,"trt":0,"rts":0,"rtc":0,"sd":106,"mbs":0,"onlt":7200,"awt":0,"oflt":3600},{"tm":"2018-03-21T14:00:00.000Z","pv":0,"v":0,"uv":0,"rv":0,"cs":0,"ic":0,"oc":0,"cvs":0,"cd":0,"msc":0,"trt":0,"rts":0,"rtc":0,"sd":0,"mbs":0,"onlt":7200,"awt":0,"oflt":3600},{"tm":"2018-03-21T15:00:00.000Z","pv":0,"v":0,"uv":0,"rv":0,"cs":0,"ic":0,"oc":0,"cvs":0,"cd":0,"msc":0,"trt":0,"rts":0,"rtc":0,"sd":0,"mbs":0,"onlt":7200,"awt":0,"oflt":3600},{"tm":"2018-03-21T16:00:00.000Z","pv":1,"v":1,"uv":1,"rv":0,"cs":0,"ic":0,"oc":0,"cvs":0,"cd":0,"msc":0,"trt":0,"rts":0,"rtc":0,"sd":54,"mbs":1,"onlt":7200,"awt":0,"oflt":3600},{"tm":"2018-03-21T17:00:00.000Z","pv":2,"v":2,"uv":2,"rv":0,"cs":0,"ic":0,"oc":0,"cvs":0,"cd":0,"msc":0,"trt":0,"rts":0,"rtc":0,"sd":778,"mbs":0,"onlt":7200,"awt":0,"oflt":3600},{"tm":"2018-03-21T18:00:00.000Z","pv":4,"v":4,"uv":3,"rv":1,"cs":0,"ic":1,"oc":0,"cvs":0,"cd":0,"msc":1,"trt":0,"rts":0,"rtc":0,"sd":3848,"mbs":1,"onlt":7200,"awt":0,"oflt":3600},{"tm":"2018-03-21T19:00:00.000Z","pv":0,"v":0,"uv":0,"rv":0,"cs":0,"ic":0,"oc":0,"cvs":0,"cd":0,"msc":0,"trt":0,"rts":0,"rtc":0,"sd":0,"mbs":0,"onlt":7200,"awt":0,"oflt":3600},{"tm":"2018-03-21T20:00:00.000Z","pv":1,"v":1,"uv":1,"rv":1,"cs":0,"ic":0,"oc":0,"cvs":0,"cd":0,"msc":0,"trt":0,"rts":0,"rtc":0,"sd":106,"mbs":0,"onlt":7200,"awt":0,"oflt":3600},{"tm":"2018-03-21T21:00:00.000Z","pv":0,"v":0,"uv":0,"rv":0,"cs":0,"ic":0,"oc":0,"cvs":0,"cd":0,"msc":0,"trt":0,"rts":0,"rtc":0,"sd":0,"mbs":0,"onlt":7200,"awt":0,"oflt":3600},{"tm":"2018-03-21T22:00:00.000Z","pv":0,"v":0,"uv":0,"rv":0,"cs":0,"ic":0,"oc":0,"cvs":0,"cd":0,"msc":0,"trt":0,"rts":0,"rtc":0,"sd":0,"mbs":0,"onlt":7200,"awt":0,"oflt":3600},{"tm":"2018-03-21T23:00:00.000Z","pv":0,"v":0,"uv":0,"rv":0,"cs":0,"ic":0,"oc":0,"cvs":0,"cd":0,"msc":0,"trt":0,"rts":0,"rtc":0,"sd":0,"mbs":0,"onlt":7200,"awt":0,"oflt":3600},{"tm":"2018-03-22T00:00:00.000Z","pv":0,"v":0,"uv":0,"rv":0,"cs":0,"ic":0,"oc":0,"cvs":0,"cd":0,"msc":0,"trt":0,"rts":0,"rtc":0,"sd":0,"mbs":0,"onlt":7200,"awt":0,"oflt":3600},{"tm":"2018-03-22T01:00:00.000Z","pv":0,"v":0,"uv":0,"rv":0,"cs":0,"ic":0,"oc":0,"cvs":0,"cd":0,"msc":0,"trt":0,"rts":0,"rtc":0,"sd":0,"mbs":0,"onlt":9807,"awt":0,"oflt":992},{"tm":"2018-03-22T02:00:00.000Z","pv":0,"v":0,"uv":0,"rv":0,"cs":0,"ic":0,"oc":0,"cvs":0,"cd":0,"msc":0,"trt":0,"rts":0,"rtc":0,"sd":0,"mbs":0,"onlt":10800,"awt":0,"oflt":0},{"tm":"2018-03-22T03:00:00.000Z","pv":0,"v":0,"uv":0,"rv":0,"cs":0,"ic":0,"oc":0,"cvs":0,"cd":0,"msc":0,"trt":0,"rts":0,"rtc":0,"sd":0,"mbs":0,"onlt":10800,"awt":0,"oflt":0},{"tm":"2018-03-22T04:00:00.000Z","pv":0,"v":0,"uv":0,"rv":0,"cs":0,"ic":0,"oc":0,"cvs":0,"cd":0,"msc":0,"trt":0,"rts":0,"rtc":0,"sd":0,"mbs":0,"onlt":10800,"awt":0,"oflt":0},{"tm":"2018-03-22T05:00:00.000Z","pv":0,"v":0,"uv":0,"rv":0,"cs":0,"ic":0,"oc":0,"cvs":0,"cd":0,"msc":0,"trt":0,"rts":0,"rtc":0,"sd":0,"mbs":0,"onlt":10800,"awt":0,"oflt":0},{"tm":"2018-03-22T06:00:00.000Z","pv":1,"v":1,"uv":1,"rv":1,"cs":0,"ic":0,"oc":0,"cvs":0,"cd":0,"msc":0,"trt":0,"rts":0,"rtc":0,"sd":52,"mbs":1,"onlt":10800,"awt":0,"oflt":0},{"tm":"2018-03-22T07:00:00.000Z","pv":0,"v":0,"uv":0,"rv":0,"cs":0,"ic":0,"oc":0,"cvs":0,"cd":0,"msc":0,"trt":0,"rts":0,"rtc":0,"sd":0,"mbs":0,"onlt":10800,"awt":0,"oflt":0},{"tm":"2018-03-22T08:00:00.000Z","pv":0,"v":0,"uv":0,"rv":0,"cs":0,"ic":0,"oc":0,"cvs":0,"cd":0,"msc":0,"trt":0,"rts":0,"rtc":0,"sd":0,"mbs":0,"onlt":10800,"awt":0,"oflt":0},{"tm":"2018-03-22T09:00:00.000Z","pv":1,"v":1,"uv":1,"rv":0,"cs":0,"ic":0,"oc":0,"cvs":0,"cd":0,"msc":0,"trt":0,"rts":0,"rtc":0,"sd":275,"mbs":0,"onlt":10800,"awt":0,"oflt":0},{"tm":"2018-03-22T10:00:00.000Z","pv":1,"v":1,"uv":1,"rv":0,"cs":0,"ic":0,"oc":0,"cvs":0,"cd":0,"msc":0,"trt":0,"rts":0,"rtc":0,"sd":58,"mbs":0,"onlt":10800,"awt":0,"oflt":0},{"tm":"2018-03-22T11:00:00.000Z","pv":0,"v":0,"uv":0,"rv":0,"cs":0,"ic":0,"oc":0,"cvs":0,"cd":0,"msc":0,"trt":0,"rts":0,"rtc":0,"sd":0,"mbs":0,"onlt":10800,"awt":0,"oflt":0},{"tm":"2018-03-22T12:00:00.000Z","pv":0,"v":0,"uv":0,"rv":0,"cs":0,"ic":0,"oc":0,"cvs":0,"cd":0,"msc":0,"trt":0,"rts":0,"rtc":0,"sd":0,"mbs":0,"onlt":10771,"awt":0,"oflt":28},{"tm":"2018-03-22T13:00:00.000Z","pv":0,"v":0,"uv":0,"rv":0,"cs":0,"ic":0,"oc":0,"cvs":0,"cd":0,"msc":0,"trt":0,"rts":0,"rtc":0,"sd":0,"mbs":0,"onlt":10800,"awt":0,"oflt":0},{"tm":"2018-03-22T14:00:00.000Z","pv":0,"v":0,"uv":0,"rv":0,"cs":0,"ic":0,"oc":0,"cvs":0,"cd":0,"msc":0,"trt":0,"rts":0,"rtc":0,"sd":0,"mbs":0,"onlt":10800,"awt":0,"oflt":0},{"tm":"2018-03-22T15:00:00.000Z","pv":1,"v":1,"uv":1,"rv":0,"cs":0,"ic":0,"oc":0,"cvs":0,"cd":0,"msc":0,"trt":0,"rts":0,"rtc":0,"sd":35,"mbs":0,"onlt":10800,"awt":0,"oflt":0},{"tm":"2018-03-22T16:00:00.000Z","pv":0,"v":0,"uv":0,"rv":0,"cs":0,"ic":0,"oc":0,"cvs":0,"cd":0,"msc":0,"trt":0,"rts":0,"rtc":0,"sd":0,"mbs":0,"onlt":7881,"awt":0,"oflt":2918},{"tm":"2018-03-22T17:00:00.000Z","pv":1,"v":1,"uv":1,"rv":0,"cs":0,"ic":0,"oc":0,"cvs":0,"cd":0,"msc":0,"trt":0,"rts":0,"rtc":0,"sd":1235,"mbs":0,"onlt":7200,"awt":0,"oflt":3600},{"tm":"2018-03-22T18:00:00.000Z","pv":2,"v":2,"uv":2,"rv":0,"cs":1,"ic":2,"oc":4,"cvs":0,"cd":173,"msc":0,"trt":83.87,"rts":0,"rtc":0,"sd":2028,"mbs":0,"onlt":7200,"awt":0,"oflt":3600},{"tm":"2018-03-22T19:00:00.000Z","pv":2,"v":2,"uv":2,"rv":1,"cs":0,"ic":0,"oc":0,"cvs":0,"cd":0,"msc":0,"trt":0,"rts":0,"rtc":0,"sd":1324,"mbs":0,"onlt":7200,"awt":0,"oflt":3600},{"tm":"2018-03-22T20:00:00.000Z","pv":0,"v":0,"uv":0,"rv":0,"cs":0,"ic":0,"oc":0,"cvs":0,"cd":0,"msc":0,"trt":0,"rts":0,"rtc":0,"sd":0,"mbs":0,"onlt":7200,"awt":0,"oflt":3600},{"tm":"2018-03-22T21:00:00.000Z","pv":0,"v":0,"uv":0,"rv":0,"cs":0,"ic":0,"oc":0,"cvs":0,"cd":0,"msc":0,"trt":0,"rts":0,"rtc":0,"sd":0,"mbs":0,"onlt":7200,"awt":0,"oflt":3600},{"tm":"2018-03-22T22:00:00.000Z","pv":0,"v":0,"uv":0,"rv":0,"cs":0,"ic":0,"oc":0,"cvs":0,"cd":0,"msc":0,"trt":0,"rts":0,"rtc":0,"sd":0,"mbs":0,"onlt":7200,"awt":0,"oflt":3600},{"tm":"2018-03-22T23:00:00.000Z","pv":1,"v":1,"uv":1,"rv":0,"cs":0,"ic":0,"oc":0,"cvs":0,"cd":0,"msc":0,"trt":0,"rts":0,"rtc":0,"sd":38,"mbs":0,"onlt":7200,"awt":0,"oflt":3600},{"tm":"2018-03-23T00:00:00.000Z","pv":1,"v":1,"uv":1,"rv":0,"cs":0,"ic":0,"oc":0,"cvs":0,"cd":0,"msc":0,"trt":0,"rts":0,"rtc":0,"sd":83,"mbs":0,"onlt":7200,"awt":0,"oflt":3600},{"tm":"2018-03-23T01:00:00.000Z","pv":1,"v":1,"uv":1,"rv":0,"cs":0,"ic":0,"oc":0,"cvs":0,"cd":0,"msc":0,"trt":0,"rts":0,"rtc":0,"sd":39,"mbs":0,"onlt":7200,"awt":0,"oflt":3600},{"tm":"2018-03-23T02:00:00.000Z","pv":2,"v":1,"uv":1,"rv":0,"cs":0,"ic":0,"oc":0,"cvs":0,"cd":0,"msc":0,"trt":0,"rts":0,"rtc":0,"sd":79,"mbs":0,"onlt":7200,"awt":0,"oflt":3600},{"tm":"2018-03-23T03:00:00.000Z","pv":0,"v":0,"uv":0,"rv":0,"cs":0,"ic":0,"oc":0,"cvs":0,"cd":0,"msc":0,"trt":0,"rts":0,"rtc":0,"sd":0,"mbs":0,"onlt":7640,"awt":0,"oflt":3159},{"tm":"2018-03-23T04:00:00.000Z","pv":1,"v":1,"uv":1,"rv":0,"cs":0,"ic":0,"oc":0,"cvs":0,"cd":0,"msc":0,"trt":0,"rts":0,"rtc":0,"sd":185,"mbs":1,"onlt":10800,"awt":0,"oflt":0},{"tm":"2018-03-23T05:00:00.000Z","pv":0,"v":0,"uv":0,"rv":0,"cs":0,"ic":0,"oc":0,"cvs":0,"cd":0,"msc":0,"trt":0,"rts":0,"rtc":0,"sd":0,"mbs":0,"onlt":10800,"awt":0,"oflt":0},{"tm":"2018-03-23T06:00:00.000Z","pv":2,"v":2,"uv":2,"rv":1,"cs":0,"ic":0,"oc":0,"cvs":0,"cd":0,"msc":0,"trt":0,"rts":0,"rtc":0,"sd":105,"mbs":0,"onlt":10800,"awt":0,"oflt":0},{"tm":"2018-03-23T07:00:00.000Z","pv":0,"v":0,"uv":0,"rv":0,"cs":0,"ic":0,"oc":0,"cvs":0,"cd":0,"msc":0,"trt":0,"rts":0,"rtc":0,"sd":0,"mbs":0,"onlt":10800,"awt":0,"oflt":0},{"tm":"2018-03-23T08:00:00.000Z","pv":0,"v":0,"uv":0,"rv":0,"cs":0,"ic":0,"oc":0,"cvs":0,"cd":0,"msc":0,"trt":0,"rts":0,"rtc":0,"sd":0,"mbs":0,"onlt":10800,"awt":0,"oflt":0},{"tm":"2018-03-23T09:00:00.000Z","pv":1,"v":1,"uv":1,"rv":0,"cs":0,"ic":0,"oc":0,"cvs":0,"cd":0,"msc":0,"trt":0,"rts":0,"rtc":0,"sd":138,"mbs":0,"onlt":10800,"awt":0,"oflt":0},{"tm":"2018-03-23T10:00:00.000Z","pv":2,"v":2,"uv":1,"rv":1,"cs":0,"ic":31,"oc":5,"cvs":0,"cd":0,"msc":0,"trt":0,"rts":0,"rtc":0,"sd":1485,"mbs":0,"onlt":10800,"awt":0,"oflt":0},{"tm":"2018-03-23T11:00:00.000Z","pv":0,"v":0,"uv":0,"rv":0,"cs":1,"ic":0,"oc":0,"cvs":0,"cd":235,"msc":0,"trt":24.437,"rts":0,"rtc":0,"sd":0,"mbs":0,"onlt":10800,"awt":0,"oflt":0},{"tm":"2018-03-23T12:00:00.000Z","pv":0,"v":0,"uv":0,"rv":0,"cs":0,"ic":0,"oc":0,"cvs":0,"cd":0,"msc":0,"trt":0,"rts":0,"rtc":0,"sd":0,"mbs":0,"onlt":10800,"awt":0,"oflt":0},{"tm":"2018-03-23T13:00:00.000Z","pv":3,"v":3,"uv":3,"rv":0,"cs":0,"ic":0,"oc":0,"cvs":0,"cd":0,"msc":0,"trt":0,"rts":0,"rtc":0,"sd":223,"mbs":0,"onlt":10800,"awt":0,"oflt":0},{"tm":"2018-03-23T14:00:00.000Z","pv":1,"v":1,"uv":1,"rv":0,"cs":0,"ic":0,"oc":0,"cvs":0,"cd":0,"msc":0,"trt":0,"rts":0,"rtc":0,"sd":1231,"mbs":0,"onlt":10800,"awt":0,"oflt":0},{"tm":"2018-03-23T15:00:00.000Z","pv":2,"v":2,"uv":2,"rv":1,"cs":0,"ic":0,"oc":0,"cvs":0,"cd":0,"msc":0,"trt":0,"rts":0,"rtc":0,"sd":901,"mbs":0,"onlt":10800,"awt":0,"oflt":0},{"tm":"2018-03-23T16:00:00.000Z","pv":4,"v":3,"uv":3,"rv":0,"cs":0,"ic":0,"oc":0,"cvs":0,"cd":0,"msc":0,"trt":0,"rts":0,"rtc":0,"sd":326,"mbs":0,"onlt":10800,"awt":0,"oflt":0},{"tm":"2018-03-23T17:00:00.000Z","pv":1,"v":1,"uv":1,"rv":0,"cs":1,"ic":5,"oc":5,"cvs":0,"cd":409,"msc":0,"trt":113.678,"rts":0,"rtc":0,"sd":1183,"mbs":0,"onlt":9943,"awt":0,"oflt":855},{"tm":"2018-03-23T18:00:00.000Z","pv":4,"v":4,"uv":4,"rv":0,"cs":1,"ic":5,"oc":5,"cvs":0,"cd":828,"msc":0,"trt":59.339,"rts":0,"rtc":0,"sd":1189,"mbs":0,"onlt":10800,"awt":0,"oflt":0},{"tm":"2018-03-23T19:00:00.000Z","pv":2,"v":1,"uv":1,"rv":0,"cs":0,"ic":0,"oc":0,"cvs":0,"cd":0,"msc":0,"trt":0,"rts":0,"rtc":0,"sd":196,"mbs":0,"onlt":7442,"awt":0,"oflt":3357},{"tm":"2018-03-23T20:00:00.000Z","pv":3,"v":3,"uv":3,"rv":0,"cs":0,"ic":0,"oc":0,"cvs":0,"cd":0,"msc":0,"trt":0,"rts":0,"rtc":0,"sd":2170,"mbs":0,"onlt":7200,"awt":0,"oflt":3600},{"tm":"2018-03-23T21:00:00.000Z","pv":1,"v":1,"uv":1,"rv":1,"cs":0,"ic":0,"oc":0,"cvs":0,"cd":0,"msc":0,"trt":0,"rts":0,"rtc":0,"sd":1231,"mbs":0,"onlt":7200,"awt":0,"oflt":3600},{"tm":"2018-03-23T22:00:00.000Z","pv":0,"v":0,"uv":0,"rv":0,"cs":0,"ic":0,"oc":0,"cvs":0,"cd":0,"msc":0,"trt":0,"rts":0,"rtc":0,"sd":0,"mbs":0,"onlt":7200,"awt":0,"oflt":3600},{"tm":"2018-03-23T23:00:00.000Z","pv":3,"v":3,"uv":2,"rv":0,"cs":1,"ic":1,"oc":2,"cvs":0,"cd":70,"msc":0,"trt":48.86,"rts":0,"rtc":0,"sd":240,"mbs":3,"onlt":7200,"awt":0,"oflt":3600},{"tm":"2018-03-24T00:00:00.000Z","pv":2,"v":2,"uv":1,"rv":0,"cs":0,"ic":0,"oc":0,"cvs":0,"cd":0,"msc":0,"trt":0,"rts":0,"rtc":0,"sd":106,"mbs":2,"onlt":7200,"awt":0,"oflt":3600},{"tm":"2018-03-24T01:00:00.000Z","pv":0,"v":0,"uv":0,"rv":0,"cs":0,"ic":0,"oc":0,"cvs":0,"cd":0,"msc":0,"trt":0,"rts":0,"rtc":0,"sd":0,"mbs":0,"onlt":7200,"awt":0,"oflt":3600},{"tm":"2018-03-24T02:00:00.000Z","pv":0,"v":0,"uv":0,"rv":0,"cs":0,"ic":0,"oc":0,"cvs":0,"cd":0,"msc":0,"trt":0,"rts":0,"rtc":0,"sd":0,"mbs":0,"onlt":9535,"awt":0,"oflt":1262},{"tm":"2018-03-24T03:00:00.000Z","pv":0,"v":0,"uv":0,"rv":0,"cs":0,"ic":0,"oc":0,"cvs":0,"cd":0,"msc":0,"trt":0,"rts":0,"rtc":0,"sd":0,"mbs":0,"onlt":10800,"awt":0,"oflt":0},{"tm":"2018-03-24T04:00:00.000Z","pv":1,"v":1,"uv":1,"rv":0,"cs":0,"ic":0,"oc":0,"cvs":0,"cd":0,"msc":0,"trt":0,"rts":0,"rtc":0,"sd":128,"mbs":0,"onlt":10800,"awt":0,"oflt":0},{"tm":"2018-03-24T05:00:00.000Z","pv":0,"v":0,"uv":0,"rv":0,"cs":0,"ic":0,"oc":0,"cvs":0,"cd":0,"msc":0,"trt":0,"rts":0,"rtc":0,"sd":0,"mbs":0,"onlt":10663,"awt":0,"oflt":136},{"tm":"2018-03-24T06:00:00.000Z","pv":0,"v":0,"uv":0,"rv":0,"cs":0,"ic":0,"oc":0,"cvs":0,"cd":0,"msc":0,"trt":0,"rts":0,"rtc":0,"sd":0,"mbs":0,"onlt":7200,"awt":0,"oflt":3600},{"tm":"2018-03-24T07:00:00.000Z","pv":1,"v":1,"uv":1,"rv":0,"cs":0,"ic":0,"oc":0,"cvs":0,"cd":0,"msc":0,"trt":0,"rts":0,"rtc":0,"sd":1020,"mbs":0,"onlt":7200,"awt":0,"oflt":3600},{"tm":"2018-03-24T08:00:00.000Z","pv":0,"v":0,"uv":0,"rv":0,"cs":0,"ic":0,"oc":0,"cvs":0,"cd":0,"msc":0,"trt":0,"rts":0,"rtc":0,"sd":0,"mbs":0,"onlt":7498,"awt":0,"oflt":3301},{"tm":"2018-03-24T09:00:00.000Z","pv":0,"v":0,"uv":0,"rv":0,"cs":0,"ic":0,"oc":0,"cvs":0,"cd":0,"msc":0,"trt":0,"rts":0,"rtc":0,"sd":0,"mbs":0,"onlt":10800,"awt":0,"oflt":0},{"tm":"2018-03-24T10:00:00.000Z","pv":0,"v":0,"uv":0,"rv":0,"cs":0,"ic":0,"oc":0,"cvs":0,"cd":0,"msc":0,"trt":0,"rts":0,"rtc":0,"sd":0,"mbs":0,"onlt":10800,"awt":0,"oflt":0},{"tm":"2018-03-24T11:00:00.000Z","pv":0,"v":0,"uv":0,"rv":0,"cs":0,"ic":0,"oc":0,"cvs":0,"cd":0,"msc":0,"trt":0,"rts":0,"rtc":0,"sd":0,"mbs":0,"onlt":10800,"awt":0,"oflt":0},{"tm":"2018-03-24T12:00:00.000Z","pv":0,"v":0,"uv":0,"rv":0,"cs":0,"ic":0,"oc":0,"cvs":0,"cd":0,"msc":0,"trt":0,"rts":0,"rtc":0,"sd":0,"mbs":0,"onlt":7690,"awt":0,"oflt":3109},{"tm":"2018-03-24T13:00:00.000Z","pv":1,"v":1,"uv":1,"rv":0,"cs":0,"ic":0,"oc":0,"cvs":0,"cd":0,"msc":0,"trt":0,"rts":0,"rtc":0,"sd":55,"mbs":0,"onlt":7200,"awt":0,"oflt":3600},{"tm":"2018-03-24T14:00:00.000Z","pv":0,"v":0,"uv":0,"rv":0,"cs":0,"ic":0,"oc":0,"cvs":0,"cd":0,"msc":0,"trt":0,"rts":0,"rtc":0,"sd":0,"mbs":0,"onlt":7200,"awt":0,"oflt":3600},{"tm":"2018-03-24T15:00:00.000Z","pv":1,"v":1,"uv":1,"rv":0,"cs":0,"ic":0,"oc":0,"cvs":0,"cd":0,"msc":0,"trt":0,"rts":0,"rtc":0,"sd":64,"mbs":0,"onlt":7200,"awt":0,"oflt":3600},{"tm":"2018-03-24T16:00:00.000Z","pv":2,"v":2,"uv":1,"rv":0,"cs":0,"ic":0,"oc":0,"cvs":0,"cd":0,"msc":0,"trt":0,"rts":0,"rtc":0,"sd":235,"mbs":2,"onlt":7200,"awt":0,"oflt":3600},{"tm":"2018-03-24T17:00:00.000Z","pv":0,"v":0,"uv":0,"rv":0,"cs":0,"ic":0,"oc":0,"cvs":0,"cd":0,"msc":0,"trt":0,"rts":0,"rtc":0,"sd":0,"mbs":0,"onlt":7200,"awt":0,"oflt":3600},{"tm":"2018-03-24T18:00:00.000Z","pv":0,"v":0,"uv":0,"rv":0,"cs":0,"ic":0,"oc":0,"cvs":0,"cd":0,"msc":0,"trt":0,"rts":0,"rtc":0,"sd":0,"mbs":0,"onlt":7200,"awt":0,"oflt":3600},{"tm":"2018-03-24T19:00:00.000Z","pv":0,"v":0,"uv":0,"rv":0,"cs":0,"ic":0,"oc":0,"cvs":0,"cd":0,"msc":0,"trt":0,"rts":0,"rtc":0,"sd":0,"mbs":0,"onlt":7200,"awt":0,"oflt":3600},{"tm":"2018-03-24T20:00:00.000Z","pv":2,"v":2,"uv":2,"rv":0,"cs":0,"ic":0,"oc":0,"cvs":0,"cd":0,"msc":0,"trt":0,"rts":0,"rtc":0,"sd":232,"mbs":1,"onlt":7200,"awt":0,"oflt":3600},{"tm":"2018-03-24T21:00:00.000Z","pv":0,"v":0,"uv":0,"rv":0,"cs":0,"ic":0,"oc":0,"cvs":0,"cd":0,"msc":0,"trt":0,"rts":0,"rtc":0,"sd":0,"mbs":0,"onlt":7200,"awt":0,"oflt":3600},{"tm":"2018-03-24T22:00:00.000Z","pv":0,"v":0,"uv":0,"rv":0,"cs":0,"ic":0,"oc":0,"cvs":0,"cd":0,"msc":0,"trt":0,"rts":0,"rtc":0,"sd":0,"mbs":0,"onlt":7200,"awt":0,"oflt":3600},{"tm":"2018-03-24T23:00:00.000Z","pv":2,"v":2,"uv":2,"rv":0,"cs":0,"ic":0,"oc":0,"cvs":0,"cd":0,"msc":0,"trt":0,"rts":0,"rtc":0,"sd":125,"mbs":1,"onlt":7200,"awt":0,"oflt":3600},{"tm":"2018-03-25T00:00:00.000Z","pv":0,"v":0,"uv":0,"rv":0,"cs":0,"ic":0,"oc":0,"cvs":0,"cd":0,"msc":0,"trt":0,"rts":0,"rtc":0,"sd":0,"mbs":0,"onlt":7200,"awt":0,"oflt":3600},{"tm":"2018-03-25T01:00:00.000Z","pv":0,"v":0,"uv":0,"rv":0,"cs":0,"ic":0,"oc":0,"cvs":0,"cd":0,"msc":0,"trt":0,"rts":0,"rtc":0,"sd":0,"mbs":0,"onlt":7200,"awt":0,"oflt":3600},{"tm":"2018-03-25T02:00:00.000Z","pv":1,"v":1,"uv":1,"rv":0,"cs":0,"ic":0,"oc":0,"cvs":0,"cd":0,"msc":0,"trt":0,"rts":0,"rtc":0,"sd":65,"mbs":0,"onlt":7200,"awt":0,"oflt":3600},{"tm":"2018-03-25T03:00:00.000Z","pv":0,"v":0,"uv":0,"rv":0,"cs":0,"ic":0,"oc":0,"cvs":0,"cd":0,"msc":0,"trt":0,"rts":0,"rtc":0,"sd":0,"mbs":0,"onlt":7200,"awt":0,"oflt":3600},{"tm":"2018-03-25T04:00:00.000Z","pv":0,"v":0,"uv":0,"rv":0,"cs":0,"ic":0,"oc":0,"cvs":0,"cd":0,"msc":0,"trt":0,"rts":0,"rtc":0,"sd":0,"mbs":0,"onlt":7200,"awt":0,"oflt":3600},{"tm":"2018-03-25T05:00:00.000Z","pv":0,"v":0,"uv":0,"rv":0,"cs":0,"ic":0,"oc":0,"cvs":0,"cd":0,"msc":0,"trt":0,"rts":0,"rtc":0,"sd":0,"mbs":0,"onlt":7200,"awt":0,"oflt":3600},{"tm":"2018-03-25T06:00:00.000Z","pv":0,"v":0,"uv":0,"rv":0,"cs":0,"ic":0,"oc":0,"cvs":0,"cd":0,"msc":0,"trt":0,"rts":0,"rtc":0,"sd":0,"mbs":0,"onlt":7200,"awt":0,"oflt":3600},{"tm":"2018-03-25T07:00:00.000Z","pv":0,"v":0,"uv":0,"rv":0,"cs":0,"ic":0,"oc":0,"cvs":0,"cd":0,"msc":0,"trt":0,"rts":0,"rtc":0,"sd":0,"mbs":0,"onlt":7200,"awt":0,"oflt":3600},{"tm":"2018-03-25T08:00:00.000Z","pv":0,"v":0,"uv":0,"rv":0,"cs":0,"ic":0,"oc":0,"cvs":0,"cd":0,"msc":0,"trt":0,"rts":0,"rtc":0,"sd":0,"mbs":0,"onlt":7200,"awt":0,"oflt":3600},{"tm":"2018-03-25T09:00:00.000Z","pv":0,"v":0,"uv":0,"rv":0,"cs":0,"ic":0,"oc":0,"cvs":0,"cd":0,"msc":0,"trt":0,"rts":0,"rtc":0,"sd":0,"mbs":0,"onlt":7200,"awt":0,"oflt":3600},{"tm":"2018-03-25T10:00:00.000Z","pv":0,"v":0,"uv":0,"rv":0,"cs":0,"ic":0,"oc":0,"cvs":0,"cd":0,"msc":0,"trt":0,"rts":0,"rtc":0,"sd":0,"mbs":0,"onlt":7200,"awt":0,"oflt":3600},{"tm":"2018-03-25T11:00:00.000Z","pv":0,"v":0,"uv":0,"rv":0,"cs":0,"ic":0,"oc":0,"cvs":0,"cd":0,"msc":0,"trt":0,"rts":0,"rtc":0,"sd":0,"mbs":0,"onlt":7200,"awt":0,"oflt":3600},{"tm":"2018-03-25T12:00:00.000Z","pv":0,"v":0,"uv":0,"rv":0,"cs":0,"ic":0,"oc":0,"cvs":0,"cd":0,"msc":0,"trt":0,"rts":0,"rtc":0,"sd":0,"mbs":0,"onlt":7200,"awt":0,"oflt":3600},{"tm":"2018-03-25T13:00:00.000Z","pv":0,"v":0,"uv":0,"rv":0,"cs":0,"ic":0,"oc":0,"cvs":0,"cd":0,"msc":0,"trt":0,"rts":0,"rtc":0,"sd":0,"mbs":0,"onlt":7200,"awt":0,"oflt":3600},{"tm":"2018-03-25T14:00:00.000Z","pv":0,"v":0,"uv":0,"rv":0,"cs":0,"ic":0,"oc":0,"cvs":0,"cd":0,"msc":0,"trt":0,"rts":0,"rtc":0,"sd":0,"mbs":0,"onlt":9133,"awt":0,"oflt":1666},{"tm":"2018-03-25T15:00:00.000Z","pv":0,"v":0,"uv":0,"rv":0,"cs":0,"ic":0,"oc":0,"cvs":0,"cd":0,"msc":0,"trt":0,"rts":0,"rtc":0,"sd":0,"mbs":0,"onlt":9973,"awt":0,"oflt":826},{"tm":"2018-03-25T16:00:00.000Z","pv":0,"v":0,"uv":0,"rv":0,"cs":0,"ic":0,"oc":0,"cvs":0,"cd":0,"msc":0,"trt":0,"rts":0,"rtc":0,"sd":0,"mbs":0,"onlt":7200,"awt":0,"oflt":3600},{"tm":"2018-03-25T17:00:00.000Z","pv":1,"v":1,"uv":1,"rv":0,"cs":0,"ic":0,"oc":0,"cvs":0,"cd":0,"msc":0,"trt":0,"rts":0,"rtc":0,"sd":106,"mbs":0,"onlt":7200,"awt":0,"oflt":3600},{"tm":"2018-03-25T18:00:00.000Z","pv":0,"v":0,"uv":0,"rv":0,"cs":0,"ic":0,"oc":0,"cvs":0,"cd":0,"msc":0,"trt":0,"rts":0,"rtc":0,"sd":0,"mbs":0,"onlt":7200,"awt":0,"oflt":3600},{"tm":"2018-03-25T19:00:00.000Z","pv":0,"v":0,"uv":0,"rv":0,"cs":0,"ic":0,"oc":0,"cvs":0,"cd":0,"msc":0,"trt":0,"rts":0,"rtc":0,"sd":0,"mbs":0,"onlt":7200,"awt":0,"oflt":3600},{"tm":"2018-03-25T20:00:00.000Z","pv":2,"v":1,"uv":1,"rv":0,"cs":0,"ic":0,"oc":0,"cvs":0,"cd":0,"msc":0,"trt":0,"rts":0,"rtc":0,"sd":615,"mbs":1,"onlt":7200,"awt":0,"oflt":3600},{"tm":"2018-03-25T21:00:00.000Z","pv":1,"v":1,"uv":1,"rv":0,"cs":0,"ic":0,"oc":0,"cvs":0,"cd":0,"msc":0,"trt":0,"rts":0,"rtc":0,"sd":60,"mbs":1,"onlt":7200,"awt":0,"oflt":3600},{"tm":"2018-03-25T22:00:00.000Z","pv":0,"v":0,"uv":0,"rv":0,"cs":0,"ic":0,"oc":0,"cvs":0,"cd":0,"msc":0,"trt":0,"rts":0,"rtc":0,"sd":0,"mbs":0,"onlt":7200,"awt":0,"oflt":3600},{"tm":"2018-03-25T23:00:00.000Z","pv":0,"v":0,"uv":0,"rv":0,"cs":0,"ic":0,"oc":0,"cvs":0,"cd":0,"msc":0,"trt":0,"rts":0,"rtc":0,"sd":0,"mbs":0,"onlt":7200,"awt":0,"oflt":3600},{"tm":"2018-03-26T00:00:00.000Z","pv":2,"v":2,"uv":2,"rv":0,"cs":0,"ic":0,"oc":0,"cvs":0,"cd":0,"msc":0,"trt":0,"rts":0,"rtc":0,"sd":1385,"mbs":0,"onlt":7200,"awt":0,"oflt":3600},{"tm":"2018-03-26T01:00:00.000Z","pv":0,"v":0,"uv":0,"rv":0,"cs":0,"ic":0,"oc":0,"cvs":0,"cd":0,"msc":0,"trt":0,"rts":0,"rtc":0,"sd":0,"mbs":0,"onlt":7200,"awt":0,"oflt":3600},{"tm":"2018-03-26T02:00:00.000Z","pv":1,"v":1,"uv":1,"rv":1,"cs":0,"ic":0,"oc":0,"cvs":0,"cd":0,"msc":0,"trt":0,"rts":0,"rtc":0,"sd":1411,"mbs":0,"onlt":7200,"awt":0,"oflt":3600},{"tm":"2018-03-26T03:00:00.000Z","pv":0,"v":0,"uv":0,"rv":0,"cs":0,"ic":0,"oc":0,"cvs":0,"cd":0,"msc":0,"trt":0,"rts":0,"rtc":0,"sd":0,"mbs":0,"onlt":7200,"awt":0,"oflt":3600},{"tm":"2018-03-26T04:00:00.000Z","pv":0,"v":1,"uv":1,"rv":1,"cs":0,"ic":0,"oc":0,"cvs":0,"cd":0,"msc":0,"trt":0,"rts":0,"rtc":0,"sd":60,"mbs":0,"onlt":7200,"awt":0,"oflt":3600},{"tm":"2018-03-26T05:00:00.000Z","pv":0,"v":0,"uv":0,"rv":0,"cs":0,"ic":0,"oc":0,"cvs":0,"cd":0,"msc":0,"trt":0,"rts":0,"rtc":0,"sd":0,"mbs":0,"onlt":7200,"awt":0,"oflt":3600},{"tm":"2018-03-26T06:00:00.000Z","pv":0,"v":0,"uv":0,"rv":0,"cs":0,"ic":0,"oc":0,"cvs":0,"cd":0,"msc":0,"trt":0,"rts":0,"rtc":0,"sd":0,"mbs":0,"onlt":7200,"awt":0,"oflt":3600},{"tm":"2018-03-26T07:00:00.000Z","pv":0,"v":0,"uv":0,"rv":0,"cs":0,"ic":0,"oc":0,"cvs":0,"cd":0,"msc":0,"trt":0,"rts":0,"rtc":0,"sd":0,"mbs":0,"onlt":8267,"awt":0,"oflt":2532},{"tm":"2018-03-26T08:00:00.000Z","pv":0,"v":0,"uv":0,"rv":0,"cs":0,"ic":0,"oc":0,"cvs":0,"cd":0,"msc":0,"trt":0,"rts":0,"rtc":0,"sd":0,"mbs":0,"onlt":10800,"awt":0,"oflt":0},{"tm":"2018-03-26T09:00:00.000Z","pv":0,"v":0,"uv":0,"rv":0,"cs":0,"ic":0,"oc":0,"cvs":0,"cd":0,"msc":0,"trt":0,"rts":0,"rtc":0,"sd":0,"mbs":0,"onlt":10800,"awt":0,"oflt":0},{"tm":"2018-03-26T10:00:00.000Z","pv":1,"v":1,"uv":1,"rv":0,"cs":0,"ic":0,"oc":0,"cvs":0,"cd":0,"msc":0,"trt":0,"rts":0,"rtc":0,"sd":34,"mbs":1,"onlt":10800,"awt":0,"oflt":0},{"tm":"2018-03-26T11:00:00.000Z","pv":0,"v":0,"uv":0,"rv":0,"cs":0,"ic":0,"oc":0,"cvs":0,"cd":0,"msc":0,"trt":0,"rts":0,"rtc":0,"sd":0,"mbs":0,"onlt":10800,"awt":0,"oflt":0},{"tm":"2018-03-26T12:00:00.000Z","pv":0,"v":0,"uv":0,"rv":0,"cs":0,"ic":0,"oc":0,"cvs":0,"cd":0,"msc":0,"trt":0,"rts":0,"rtc":0,"sd":0,"mbs":0,"onlt":10800,"awt":0,"oflt":0},{"tm":"2018-03-26T13:00:00.000Z","pv":1,"v":1,"uv":1,"rv":1,"cs":0,"ic":0,"oc":0,"cvs":0,"cd":0,"msc":0,"trt":0,"rts":0,"rtc":0,"sd":41,"mbs":0,"onlt":9792,"awt":0,"oflt":1007},{"tm":"2018-03-26T14:00:00.000Z","pv":0,"v":0,"uv":0,"rv":0,"cs":0,"ic":0,"oc":0,"cvs":0,"cd":0,"msc":0,"trt":0,"rts":0,"rtc":0,"sd":0,"mbs":0,"onlt":7848,"awt":0,"oflt":2951},{"tm":"2018-03-26T15:00:00.000Z","pv":0,"v":0,"uv":0,"rv":0,"cs":0,"ic":0,"oc":0,"cvs":0,"cd":0,"msc":0,"trt":0,"rts":0,"rtc":0,"sd":0,"mbs":0,"onlt":10800,"awt":0,"oflt":0},{"tm":"2018-03-26T16:00:00.000Z","pv":0,"v":0,"uv":0,"rv":0,"cs":0,"ic":0,"oc":0,"cvs":0,"cd":0,"msc":0,"trt":0,"rts":0,"rtc":0,"sd":0,"mbs":0,"onlt":1704,"awt":0,"oflt":0},{"tm":"2018-03-26T17:00:00.000Z","pv":0,"v":0,"uv":0,"rv":0,"cs":0,"ic":0,"oc":0,"cvs":0,"cd":0,"msc":0,"trt":0,"rts":0,"rtc":0,"sd":0,"mbs":0,"onlt":0,"awt":0,"oflt":0},{"tm":"2018-03-26T18:00:00.000Z","pv":0,"v":0,"uv":0,"rv":0,"cs":0,"ic":0,"oc":0,"cvs":0,"cd":0,"msc":0,"trt":0,"rts":0,"rtc":0,"sd":0,"mbs":0,"onlt":0,"awt":0,"oflt":0},{"tm":"2018-03-26T19:00:00.000Z","pv":0,"v":0,"uv":0,"rv":0,"cs":0,"ic":0,"oc":0,"cvs":0,"cd":0,"msc":0,"trt":0,"rts":0,"rtc":0,"sd":0,"mbs":0,"onlt":0,"awt":0,"oflt":0},{"tm":"2018-03-26T20:00:00.000Z","pv":0,"v":0,"uv":0,"rv":0,"cs":0,"ic":0,"oc":0,"cvs":0,"cd":0,"msc":0,"trt":0,"rts":0,"rtc":0,"sd":0,"mbs":0,"onlt":0,"awt":0,"oflt":0},{"tm":"2018-03-26T21:00:00.000Z","pv":0,"v":0,"uv":0,"rv":0,"cs":0,"ic":0,"oc":0,"cvs":0,"cd":0,"msc":0,"trt":0,"rts":0,"rtc":0,"sd":0,"mbs":0,"onlt":0,"awt":0,"oflt":0},{"tm":"2018-03-26T22:00:00.000Z","pv":0,"v":0,"uv":0,"rv":0,"cs":0,"ic":0,"oc":0,"cvs":0,"cd":0,"msc":0,"trt":0,"rts":0,"rtc":0,"sd":0,"mbs":0,"onlt":0,"awt":0,"oflt":0},{"tm":"2018-03-26T23:00:00.000Z","pv":0,"v":0,"uv":0,"rv":0,"cs":0,"ic":0,"oc":0,"cvs":0,"cd":0,"msc":0,"trt":0,"rts":0,"rtc":0,"sd":0,"mbs":0,"onlt":0,"awt":0,"oflt":0},{"tm":"2018-03-27T00:00:00.000Z","pv":0,"v":0,"uv":0,"rv":0,"cs":0,"ic":0,"oc":0,"cvs":0,"cd":0,"msc":0,"trt":0,"rts":0,"rtc":0,"sd":0,"mbs":0,"onlt":0,"awt":0,"oflt":0},{"tm":"2018-03-27T01:00:00.000Z","pv":0,"v":0,"uv":0,"rv":0,"cs":0,"ic":0,"oc":0,"cvs":0,"cd":0,"msc":0,"trt":0,"rts":0,"rtc":0,"sd":0,"mbs":0,"onlt":0,"awt":0,"oflt":0},{"tm":"2018-03-27T02:00:00.000Z","pv":0,"v":0,"uv":0,"rv":0,"cs":0,"ic":0,"oc":0,"cvs":0,"cd":0,"msc":0,"trt":0,"rts":0,"rtc":0,"sd":0,"mbs":0,"onlt":0,"awt":0,"oflt":0},{"tm":"2018-03-27T03:00:00.000Z","pv":0,"v":0,"uv":0,"rv":0,"cs":0,"ic":0,"oc":0,"cvs":0,"cd":0,"msc":0,"trt":0,"rts":0,"rtc":0,"sd":0,"mbs":0,"onlt":0,"awt":0,"oflt":0},{"tm":"2018-03-27T04:00:00.000Z","pv":0,"v":0,"uv":0,"rv":0,"cs":0,"ic":0,"oc":0,"cvs":0,"cd":0,"msc":0,"trt":0,"rts":0,"rtc":0,"sd":0,"mbs":0,"onlt":0,"awt":0,"oflt":0},{"tm":"2018-03-27T05:00:00.000Z","pv":0,"v":0,"uv":0,"rv":0,"cs":0,"ic":0,"oc":0,"cvs":0,"cd":0,"msc":0,"trt":0,"rts":0,"rtc":0,"sd":0,"mbs":0,"onlt":0,"awt":0,"oflt":0},{"tm":"2018-03-27T06:00:00.000Z","pv":0,"v":0,"uv":0,"rv":0,"cs":0,"ic":0,"oc":0,"cvs":0,"cd":0,"msc":0,"trt":0,"rts":0,"rtc":0,"sd":0,"mbs":0,"onlt":0,"awt":0,"oflt":0},{"tm":"2018-03-27T07:00:00.000Z","pv":0,"v":0,"uv":0,"rv":0,"cs":0,"ic":0,"oc":0,"cvs":0,"cd":0,"msc":0,"trt":0,"rts":0,"rtc":0,"sd":0,"mbs":0,"onlt":0,"awt":0,"oflt":0},{"tm":"2018-03-27T08:00:00.000Z","pv":0,"v":0,"uv":0,"rv":0,"cs":0,"ic":0,"oc":0,"cvs":0,"cd":0,"msc":0,"trt":0,"rts":0,"rtc":0,"sd":0,"mbs":0,"onlt":0,"awt":0,"oflt":0},{"tm":"2018-03-27T09:00:00.000Z","pv":0,"v":0,"uv":0,"rv":0,"cs":0,"ic":0,"oc":0,"cvs":0,"cd":0,"msc":0,"trt":0,"rts":0,"rtc":0,"sd":0,"mbs":0,"onlt":0,"awt":0,"oflt":0},{"tm":"2018-03-27T10:00:00.000Z","pv":0,"v":0,"uv":0,"rv":0,"cs":0,"ic":0,"oc":0,"cvs":0,"cd":0,"msc":0,"trt":0,"rts":0,"rtc":0,"sd":0,"mbs":0,"onlt":0,"awt":0,"oflt":0},{"tm":"2018-03-27T11:00:00.000Z","pv":0,"v":0,"uv":0,"rv":0,"cs":0,"ic":0,"oc":0,"cvs":0,"cd":0,"msc":0,"trt":0,"rts":0,"rtc":0,"sd":0,"mbs":0,"onlt":0,"awt":0,"oflt":0},{"tm":"2018-03-27T12:00:00.000Z","pv":0,"v":0,"uv":0,"rv":0,"cs":0,"ic":0,"oc":0,"cvs":0,"cd":0,"msc":0,"trt":0,"rts":0,"rtc":0,"sd":0,"mbs":0,"onlt":0,"awt":0,"oflt":0},{"tm":"2018-03-27T13:00:00.000Z","pv":0,"v":0,"uv":0,"rv":0,"cs":0,"ic":0,"oc":0,"cvs":0,"cd":0,"msc":0,"trt":0,"rts":0,"rtc":0,"sd":0,"mbs":0,"onlt":0,"awt":0,"oflt":0},{"tm":"2018-03-27T14:00:00.000Z","pv":0,"v":0,"uv":0,"rv":0,"cs":0,"ic":0,"oc":0,"cvs":0,"cd":0,"msc":0,"trt":0,"rts":0,"rtc":0,"sd":0,"mbs":0,"onlt":0,"awt":0,"oflt":0},{"tm":"2018-03-27T15:00:00.000Z","pv":0,"v":0,"uv":0,"rv":0,"cs":0,"ic":0,"oc":0,"cvs":0,"cd":0,"msc":0,"trt":0,"rts":0,"rtc":0,"sd":0,"mbs":0,"onlt":0,"awt":0,"oflt":0}]],"cb":10}