{"c":"__callback__","p":[null,{"_id":"5a67ac584b401e45400c5653","apik":"5fa739c485413fb874d9e8bdfdcc0a19292aa6d4","efwd":"5aa48832008611e8beb01fb682bd441f","pt":"site","twid":"4eac043aab24bb0bfbc302fec70f86625215ca18","pgn":"Pickering Toyota Live Video Chat","bnnr":"","dmn":"https://www.pickeringtoyota.com/video-chat","vrf":false,"ai":"","pst":"","lg":"","slg":"","smry":"","dsc":"","a":[{"aid":"5a54ed99f721561639dbfc89","rl":"admin","ha":false,"en":true,"pen":true},{"aid":"5a60123e3098e70e78bf9fac","rl":"admin","en":true,"pen":true},{"aid":"5a87536023af486d55e305f9","rl":"agent","en":true,"pen":true},{"aid":"5a8c5e324c3c5d0e7f5915ce","rl":"agent","en":true,"pen":true}],"en":true,"secureJSAPI":false,"wdgts":{"default":{"n":"","t":"inline","vis":true,"cdlt":false,"en":true,"h":0,"w":0,"minh":40,"minw":260,"mw":"round","dw":"full","onlineGreetings":{"shortMessage":"Online","longMessage":"We are live and ready to have a video or voice call with you now. Please click one of the following buttons to start.","actionMessage":"Type here and press enter.."},"awayGreetings":{"shortMessage":"Away","longMessage":""},"thm":{"hbg":"#76b51b","htx":"#ffffff","topc":5,"btmc":0,"aBblBg":"#6aa318","aBblTx":"#ffffff","vBblBg":"#e5e5e5","vBblTx":"#333333"},"bbl":{"name":"42","type":"gallery","width":142,"height":70,"zIndex":1,"rightOffset":69,"bottomOffset":44,"topOffset":0,"leftOffset":0,"rotate":0},"dwlc":0,"shrs":true,"pos":"br","woc":"max","dsw":false,"lnc":"en","hwof":false,"hwom":false,"hwol":false,"dws":false,"hwt":true,"wv":5,"prechatForm":null,"offlineForm":{"shortMessage":"Offline","text":"Please fill out the form below and we will get back to you as soon as possible.","fields":[{"label":"Name","isRequired":true,"type":"name","selections":[]},{"label":"Email","isRequired":true,"type":"email","selections":[]},{"label":"Message","isRequired":true,"type":"message","selections":[]}]}}}}],"cb":32}