[{"title":["Meet tawk.to > USA"],"link":["https://www.tawk.to/events/meet-tawk-to-usa/"]},{"title":["Update : Shopify integration"],"link":["https://www.tawk.to/integrations/update-shopify-integration/"]},{"title":["Meet tawk.to > APAC"],"link":["https://www.tawk.to/events/meet-tawk-to-apac/"]},{"title":["You are One in a Million"],"link":["https://www.tawk.to/customer-happiness/you-are-one-in-a-million/"]},{"title":["9 Things you probably didn’t know you could do with Tawk.to"],"link":["https://www.tawk.to/reference/9-things-you-probably-didnt-know-you-could-do-with-tawk-to/"]},{"title":["What we learned in the first 180 days of the “Hired Agents Beta”"],"link":["https://www.tawk.to/customer-happiness/what-we-learned-in-the-first-180-days-of-the-hired-agents-beta/"]},{"title":["Meet us in NYC at #ASE17 this week"],"link":["https://www.tawk.to/events/meet-us-in-nyc-at-ase17-this-week/"]},{"title":["New iOS & Android Mobile Apps"],"link":["https://www.tawk.to/updates/new-ios-android-mobile-apps/"]},{"title":["What we learned in the first 90 days of the “Hired Agents Beta”"],"link":["https://www.tawk.to/customer-happiness/what-we-learned-in-the-first-90-days-of-the-hired-agents-beta/"]},{"title":["Update : Mail Notifications"],"link":["https://www.tawk.to/updates/update-mail-notifications/"]}]